{"cameraMode":{"drawMode":0,"name":"Shaded","section":"Shading Mode"},"sceneLighting":false,"audioPlay":false,"sceneViewState":{"showFog":true,"showMaterialUpdate":false,"showSkybox":false,"showFlares":true,"showImageEffects":true,"showParticleSystems":true},"in2DMode":false,"pivot":{"x":-0.11540820449590683,"y":10.979388236999512,"z":4.967649459838867},"rotation":{"x":-0.28986239433288576,"y":-0.03817864507436752,"z":0.011598778888583184,"w":-0.9562906622886658},"size":5.545916557312012,"orthographic":false}