{"cameraMode":{"drawMode":0,"name":"Shaded","section":"Shading Mode"},"sceneLighting":false,"audioPlay":false,"sceneViewState":{"showFog":true,"showMaterialUpdate":false,"showSkybox":false,"showFlares":true,"showImageEffects":true,"showParticleSystems":true},"in2DMode":false,"pivot":{"x":1.0379588603973389,"y":4.181911468505859,"z":12.605796813964844},"rotation":{"x":-0.25028717517852785,"y":-0.07774960994720459,"z":0.020150961354374887,"w":-0.9648532867431641},"size":17.147302627563478,"orthographic":false}