{"cameraMode":{"drawMode":0,"name":"Shaded","section":"Shading Mode"},"sceneLighting":false,"audioPlay":false,"sceneViewState":{"showFog":true,"showMaterialUpdate":false,"showSkybox":false,"showFlares":true,"showImageEffects":true,"showParticleSystems":true},"in2DMode":false,"pivot":{"x":-17.127315521240236,"y":8.172986030578614,"z":0.15585529804229737},"rotation":{"x":0.0008261519251391292,"y":-0.9963239431381226,"z":0.08570441603660584,"w":0.00957141537219286},"size":22.0,"orthographic":false}