{"cameraMode":{"drawMode":0,"name":"Shaded","section":"Shading Mode"},"sceneLighting":false,"audioPlay":false,"sceneViewState":{"showFog":true,"showMaterialUpdate":false,"showSkybox":false,"showFlares":true,"showImageEffects":true,"showParticleSystems":true},"in2DMode":false,"pivot":{"x":-3.8604824542999269,"y":5.031393051147461,"z":-1.4630780220031739},"rotation":{"x":-0.1790342479944229,"y":-0.056932415813207629,"z":0.010378630831837654,"w":-0.9821428656578064},"size":7.507054328918457,"orthographic":false}