{"cameraMode":{"drawMode":0,"name":"Shaded","section":"Shading Mode"},"sceneLighting":false,"audioPlay":false,"sceneViewState":{"showFog":true,"showMaterialUpdate":false,"showSkybox":false,"showFlares":true,"showImageEffects":true,"showParticleSystems":true},"in2DMode":false,"pivot":{"x":-4.627727508544922,"y":5.083559513092041,"z":-1.4884964227676392},"rotation":{"x":-0.06636445224285126,"y":-0.7102675437927246,"z":0.06751503795385361,"w":-0.6975859999656677},"size":3.7337076663970949,"orthographic":false}