{"cameraMode":{"drawMode":0,"name":"Shaded","section":"Shading Mode"},"sceneLighting":false,"audioPlay":false,"sceneViewState":{"showFog":true,"showMaterialUpdate":false,"showSkybox":false,"showFlares":true,"showImageEffects":true,"showParticleSystems":true},"in2DMode":false,"pivot":{"x":0.4825270473957062,"y":1.3595983982086182,"z":-0.7126244306564331},"rotation":{"x":-0.03214573487639427,"y":-0.934670090675354,"z":0.08745644241571427,"w":-0.3431859314441681},"size":2.676034927368164,"orthographic":false}