{"cameraMode":{"drawMode":0,"name":"Shaded","section":"Shading Mode"},"sceneLighting":false,"audioPlay":false,"sceneViewState":{"showFog":true,"showMaterialUpdate":false,"showSkybox":false,"showFlares":true,"showImageEffects":true,"showParticleSystems":true},"in2DMode":false,"pivot":{"x":-0.6836692094802856,"y":11.13312816619873,"z":7.544450283050537},"rotation":{"x":-0.048293307423591617,"y":-0.0009079133160412312,"z":0.0000699693409842439,"w":-0.9988850951194763},"size":5.545916557312012,"orthographic":false}