{"cameraMode":{"drawMode":0,"name":"Shaded","section":"Shading Mode"},"sceneLighting":false,"audioPlay":false,"sceneViewState":{"showFog":true,"showMaterialUpdate":false,"showSkybox":false,"showFlares":true,"showImageEffects":true,"showParticleSystems":true},"in2DMode":false,"pivot":{"x":0.3790978193283081,"y":11.263204574584961,"z":4.763940334320068},"rotation":{"x":0.15167270600795747,"y":-0.8372809290885925,"z":0.2899039089679718,"w":0.4381527304649353},"size":1.8860630989074708,"orthographic":false}