{"cameraMode":{"drawMode":0,"name":"Shaded","section":"Shading Mode"},"sceneLighting":false,"audioPlay":false,"sceneViewState":{"showFog":true,"showMaterialUpdate":false,"showSkybox":false,"showFlares":true,"showImageEffects":true,"showParticleSystems":true},"in2DMode":false,"pivot":{"x":0.041852712631225589,"y":11.40035629272461,"z":6.858145713806152},"rotation":{"x":-0.1991630345582962,"y":-0.14664830267429353,"z":0.030170634388923646,"w":-0.9685235023498535},"size":3.5149965286254885,"orthographic":false}