{"cameraMode":{"drawMode":0,"name":"Shaded","section":"Shading Mode"},"sceneLighting":false,"audioPlay":false,"sceneViewState":{"showFog":true,"showMaterialUpdate":false,"showSkybox":false,"showFlares":true,"showImageEffects":true,"showParticleSystems":true},"in2DMode":false,"pivot":{"x":5.519628524780273,"y":5.2226996421813969,"z":-3.742079973220825},"rotation":{"x":-0.19036215543746949,"y":-0.5347744226455689,"z":0.12511852383613587,"w":-0.813746452331543},"size":18.13259506225586,"orthographic":false}