{"cameraMode":{"drawMode":0,"name":"Shaded","section":"Shading Mode"},"sceneLighting":false,"audioPlay":false,"sceneViewState":{"showFog":true,"showMaterialUpdate":false,"showSkybox":false,"showFlares":true,"showImageEffects":true,"showParticleSystems":true},"in2DMode":false,"pivot":{"x":3.6703109741210939,"y":7.708948612213135,"z":54.35234451293945},"rotation":{"x":-0.17374251782894135,"y":-0.11557044088840485,"z":0.020297275856137277,"w":-0.9778980016708374},"size":22.0,"orthographic":false}