{"cameraMode":{"drawMode":0,"name":"Shaded","section":"Shading Mode"},"sceneLighting":false,"audioPlay":false,"sceneViewState":{"showFog":true,"showMaterialUpdate":false,"showSkybox":false,"showFlares":true,"showImageEffects":true,"showParticleSystems":true},"in2DMode":false,"pivot":{"x":-2.783698320388794,"y":4.3095269203186039,"z":-1.0980677604675294},"rotation":{"x":-0.034629642963409427,"y":-0.9325757026672363,"z":0.0929056778550148,"w":-0.34718629717826846},"size":3.0051517486572267,"orthographic":false}